"Timestamp","Script","LogFile","Status"
"2026-08-07_16-32-42","create-categories.ps1","C:\Users\LMTest\promotional\mercor-affiliate-blog\hermes-logs\hermes-create-categories-2026-08-07_16-32-42.log","Hermes response FAILED"
"2026-08-07_16-32-42","CreateBlog.ps1","C:\Users\LMTest\promotional\mercor-affiliate-blog\hermes-logs\hermes-CreateBlog-2026-08-07_16-32-42.log","Hermes response FAILED"
"2026-08-07_16-32-42","Diagnostics.ps1","C:\Users\LMTest\promotional\mercor-affiliate-blog\hermes-logs\hermes-Diagnostics-2026-08-07_16-32-42.log","Hermes response SUCCESS"
"2026-08-07_16-32-42","HermesAutomation.ps1","C:\Users\LMTest\promotional\mercor-affiliate-blog\hermes-logs\hermes-HermesAutomation-2026-08-07_16-32-42.log","Hermes response SUCCESS"
"2026-08-07_16-32-42","MercorDebug.ps1","C:\Users\LMTest\promotional\mercor-affiliate-blog\hermes-logs\hermes-MercorDebug-2026-08-07_16-32-42.log","Hermes response SUCCESS"
"2026-08-07_16-32-42","MercorDebugLoader.ps1","C:\Users\LMTest\promotional\mercor-affiliate-blog\hermes-logs\hermes-MercorDebugLoader-2026-08-07_16-32-42.log","Hermes response SUCCESS"
"2026-08-07_16-32-42","Orchestrator.ps1","C:\Users\LMTest\promotional\mercor-affiliate-blog\hermes-logs\hermes-Orchestrator-2026-08-07_16-32-42.log","Hermes response SUCCESS"
"2026-08-07_16-32-42","PowerShell-Bulk‑Fix-Script.ps1","C:\Users\LMTest\promotional\mercor-affiliate-blog\hermes-logs\hermes-PowerShell-Bulk‑Fix-Script-2026-08-07_16-32-42.log","Hermes response SUCCESS"
"2026-08-07_16-32-42","QAValidator.ps1","C:\Users\LMTest\promotional\mercor-affiliate-blog\hermes-logs\hermes-QAValidator-2026-08-07_16-32-42.log","Hermes response FAILED"
"2026-08-07_16-32-42","Run-Diagnostics.ps1","C:\Users\LMTest\promotional\mercor-affiliate-blog\hermes-logs\hermes-Run-Diagnostics-2026-08-07_16-32-42.log","Hermes response SUCCESS"
"2026-08-07_16-32-42","MercorDebug_raw_20260806_184009.ps1","C:\Users\LMTest\promotional\mercor-affiliate-blog\hermes-logs\hermes-MercorDebug_raw_20260806_184009-2026-08-07_16-32-42.log","Hermes response FAILED"
"2026-08-07_16-32-42","MercorDebug_raw_20260806_184457.ps1","C:\Users\LMTest\promotional\mercor-affiliate-blog\hermes-logs\hermes-MercorDebug_raw_20260806_184457-2026-08-07_16-32-42.log","Hermes response FAILED"
"2026-08-07_16-32-42","MercorDebug_raw_20260806_184639.ps1","C:\Users\LMTest\promotional\mercor-affiliate-blog\hermes-logs\hermes-MercorDebug_raw_20260806_184639-2026-08-07_16-32-42.log","Hermes response SUCCESS"
"2026-08-07_16-32-42","MercorDebug_raw_20260806_185224.ps1","C:\Users\LMTest\promotional\mercor-affiliate-blog\hermes-logs\hermes-MercorDebug_raw_20260806_185224-2026-08-07_16-32-42.log","Hermes response SUCCESS"
"2026-08-07_16-32-42","MercorDebug_raw_20260806_185555.ps1","C:\Users\LMTest\promotional\mercor-affiliate-blog\hermes-logs\hermes-MercorDebug_raw_20260806_185555-2026-08-07_16-32-42.log","Hermes response SUCCESS"
"2026-08-07_16-32-42","MercorDebug_raw_20260806_191503.ps1","C:\Users\LMTest\promotional\mercor-affiliate-blog\hermes-logs\hermes-MercorDebug_raw_20260806_191503-2026-08-07_16-32-42.log","Hermes response SUCCESS"
"2026-08-07_22-17-35",,"C:\Users\LMTest\promotional\mercor-affiliate-blog\hermes-logs\hermes-2026-08-07_22-17-35.log","FAILED"
"2026-08-07_22-17-35",,"C:\Users\LMTest\promotional\mercor-affiliate-blog\hermes-logs\hermes-2026-08-07_22-17-35.log","FAILED"
"2026-08-07_22-17-35",,"C:\Users\LMTest\promotional\mercor-affiliate-blog\hermes-logs\hermes-2026-08-07_22-17-35.log","FAILED"
"2026-08-07_22-17-35",,"C:\Users\LMTest\promotional\mercor-affiliate-blog\hermes-logs\hermes-2026-08-07_22-17-35.log","FAILED"
"2026-08-07_22-50-02",,"C:\Users\LMTest\promotional\mercor-affiliate-blog\hermes-logs\hermes-2026-08-07_22-50-02.log","FAILED"
"2026-08-07_22-50-02",,"C:\Users\LMTest\promotional\mercor-affiliate-blog\hermes-logs\hermes-2026-08-07_22-50-02.log","FAILED"
"2026-08-07_22-50-02",,"C:\Users\LMTest\promotional\mercor-affiliate-blog\hermes-logs\hermes-2026-08-07_22-50-02.log","FAILED"
"2026-08-07_22-50-02",,"C:\Users\LMTest\promotional\mercor-affiliate-blog\hermes-logs\hermes-2026-08-07_22-50-02.log","FAILED"
